monotonic_sec,level,reason,inference_latency_ms,last_action_age_ms
2789.045178,0,ok,0.043,0.090
2790.047096,0,ok,0.092,0.150
2791.045121,0,ok,0.055,0.130
2792.044935,0,ok,0.075,0.105
2793.044504,0,ok,0.047,0.083
2794.045070,0,ok,0.057,0.122
