monotonic_sec,level,reason,inference_latency_ms,last_action_age_ms
2800.734485,0,ok,0.126,0.363
2801.734026,0,ok,0.131,0.183
2802.733987,0,ok,0.057,0.072
2803.732869,0,ok,0.071,0.129
2804.733312,0,ok,0.060,0.066
2805.732945,0,ok,0.058,0.065
2806.733261,0,ok,0.065,0.083
