{
  "sample_count": 1543,
  "kl_divergence_per_joint": [
    0.015542311573159402,
    0.008824724425784611,
    0.022346843361027047,
    0.01667031244182586,
    0.01780073688178374,
    0.01667031244182586,
    0.01667031244182586
  ],
  "kl_divergence_mean": 0.01636079336674748,
  "wasserstein_per_joint": [
    1.5402272118004493e-06,
    5.9023013393478906e-05,
    6.693883713390723e-08,
    0.0001560600942642303,
    4.856342976440307e-07,
    0.0003048497243271289,
    1.8133411564749094e-06
  ],
  "wasserstein_mean": 7.483413906969879e-05,
  "shift_detected_w1": false,
  "mmd_statistic": 0.2222449986434527,
  "mmd_p_value": 0.009900990099009901,
  "shift_detected": true,
  "detection_method": "mmd",
  "n_dof": 7,
  "baseline_frac": 0.3,
  "dual_npz": "/home/ina/ros2_ws/src/ros2-moveit-pybullet-bridge/docs/samples/same-task-lerobot-dual.npz"
}
