{
  "sample_count": 897,
  "kl_divergence_per_joint": [
    0.07652251574849869,
    0.06580602111399936,
    0.07652251574849869,
    0.013289689821458957,
    0.024955787983043393,
    0.019090360881181802,
    0.06580602111399939
  ],
  "kl_divergence_mean": 0.0488561303443829,
  "wasserstein_per_joint": [
    0.0004551053053833937,
    0.01627917521437372,
    0.0009501224409874931,
    0.007528463507147174,
    0.0010258327084506232,
    0.007105797766799314,
    0.0007986273684613447
  ],
  "wasserstein_mean": 0.004877589187371867,
  "shift_detected_w1": false,
  "mmd_statistic": 0.2035569131437962,
  "mmd_p_value": 0.009900990099009901,
  "shift_detected": true,
  "detection_method": "mmd",
  "n_dof": 7,
  "baseline_frac": 0.3,
  "dual_npz": "/home/ina/ros2_ws/src/ros2-moveit-pybullet-bridge/docs/samples/same-task-iiwa-dual.npz"
}
